PF_ID,TYPE,XIRR,CURRENT_VALUE,TOTAL_TAX_PAID,EXIT_TAX
MFU0800632740ab44deaccf232a286248c1,A1 - lumpsum - 24M,0.16155,8146459.78,450519.55,2389.85
MFU122ee06215ae47028524b57d8bccf34f,A1 - lumpsum - 24M,0.158669,21358379.34,1042419.33,1355.34
MFU3a945a415ed447a080596b0f9385e5b8,A1 - lumpsum - 24M,0.140895,16292197.65,570671.41,6711.1
MFU3de1f779ad8942e2a69b43f7e8f55d23,A1 - lumpsum - 24M,-0.152912,2996067.97,0,0
MFU7c3ffe67448c4c848ef3dae9eaa0e56c,A1 - lumpsum - 24M,0.10891,37505439.32,797320.33,11980.44
MFU0800632740ab44deaccf232a286248c1,A1 - sip - 24M,0.169396,8361800.74,439757.42,13578.87
MFU122ee06215ae47028524b57d8bccf34f,A1 - sip - 24M,0.167807,21957273.01,1025196.65,19240.9
MFU3a945a415ed447a080596b0f9385e5b8,A1 - sip - 24M,0.156486,16870968.05,562830.91,30622.3
MFU3de1f779ad8942e2a69b43f7e8f55d23,A1 - sip - 24M,-0.10246,3051689.95,0,0
MFU7c3ffe67448c4c848ef3dae9eaa0e56c,A1 - sip - 24M,0.127578,38708849.98,796060.22,54970.72
MFU0800632740ab44deaccf232a286248c1,A2 - lumpsum - 24M,0.168265,8330445.76,451425.92,3308.02
MFU122ee06215ae47028524b57d8bccf34f,A2 - lumpsum - 24M,0.167335,21925980.59,1050453.55,3154.97
MFU3a945a415ed447a080596b0f9385e5b8,A2 - lumpsum - 24M,0.157427,16906419.3,609557.55,10124.3
MFU3de1f779ad8942e2a69b43f7e8f55d23,A2 - lumpsum - 24M,-0.137978,3012746.09,0,0
MFU7c3ffe67448c4c848ef3dae9eaa0e56c,A2 - lumpsum - 24M,0.125489,38572413.53,886731.64,18721.67
MFU0800632740ab44deaccf232a286248c1,A2 - sip - 24M,0.175967,8546298.86,440600.31,34775.01
MFU122ee06215ae47028524b57d8bccf34f,A2 - sip - 24M,0.176317,22529651.36,1030786.79,68107.77
MFU3a945a415ed447a080596b0f9385e5b8,A2 - sip - 24M,0.172927,17498796.28,593723.95,75008.52
MFU3de1f779ad8942e2a69b43f7e8f55d23,A2 - sip - 24M,-0.087706,3067580.36,0,0.71
MFU7c3ffe67448c4c848ef3dae9eaa0e56c,A2 - sip - 24M,0.143948,39793454.25,884957.89,133745.02
MFU0800632740ab44deaccf232a286248c1,B1 - lumpsum - 24M,0.153933,7942425.83,416983.22,2359.87
MFU122ee06215ae47028524b57d8bccf34f,B1 - lumpsum - 24M,0.151414,20894227.55,970602.88,1392.59
MFU3a945a415ed447a080596b0f9385e5b8,B1 - lumpsum - 24M,0.137127,16154714.63,537149.92,6246.59
MFU3de1f779ad8942e2a69b43f7e8f55d23,B1 - lumpsum - 24M,-0.15028,2999021.56,0,0
MFU7c3ffe67448c4c848ef3dae9eaa0e56c,B1 - lumpsum - 24M,0.105595,37295371.64,751443.24,11889.24
MFU0800632740ab44deaccf232a286248c1,B1 - sip - 24M,0.161728,8151282.29,406528.4,20669
MFU122ee06215ae47028524b57d8bccf34f,B1 - sip - 24M,0.160515,21478062.16,954773.49,31488.55
MFU3a945a415ed447a080596b0f9385e5b8,B1 - sip - 24M,0.152672,16727913.75,545947.3,44927.45
MFU3de1f779ad8942e2a69b43f7e8f55d23,B1 - sip - 24M,-0.09974,3054632.17,0,0
MFU7c3ffe67448c4c848ef3dae9eaa0e56c,B1 - sip - 24M,0.124228,38490265.57,750325.16,80502.91
MFU0800632740ab44deaccf232a286248c1,B2 - lumpsum - 24M,0.160634,8121665.02,417890.86,6216.04
MFU122ee06215ae47028524b57d8bccf34f,B2 - lumpsum - 24M,0.160112,21451879.01,978791.79,7252.58
MFU3a945a415ed447a080596b0f9385e5b8,B2 - lumpsum - 24M,0.153752,16768328.55,569497.13,15820.09
MFU3de1f779ad8942e2a69b43f7e8f55d23,B2 - lumpsum - 24M,-0.135337,3015676.17,0,0
MFU7c3ffe67448c4c848ef3dae9eaa0e56c,B2 - lumpsum - 24M,0.122267,38362858.33,793536.95,29213.84
MFU0800632740ab44deaccf232a286248c1,B2 - sip - 24M,0.168285,8330992.29,407593.33,41214.63
MFU122ee06215ae47028524b57d8bccf34f,B2 - sip - 24M,0.169056,22040437.44,963391.11,80829.06
MFU3a945a415ed447a080596b0f9385e5b8,B2 - sip - 24M,0.169209,17355213.17,562179.41,88683.01
MFU3de1f779ad8942e2a69b43f7e8f55d23,B2 - sip - 24M,-0.084979,3070499.54,0,1.34
MFU7c3ffe67448c4c848ef3dae9eaa0e56c,B2 - sip - 24M,0.140692,39575544.71,836223.76,159180.14
MFU0800632740ab44deaccf232a286248c1,C1 - lumpsum - 24M,0.138053,7532640.7,327265.3,23785.57
MFU122ee06215ae47028524b57d8bccf34f,C1 - lumpsum - 24M,0.136886,19994119.42,790392.76,27299.63
MFU3a945a415ed447a080596b0f9385e5b8,C1 - lumpsum - 24M,0.132839,15999365.49,443464.07,50826.94
MFU3de1f779ad8942e2a69b43f7e8f55d23,C1 - lumpsum - 24M,-0.109196,3044380.54,0,0
MFU7c3ffe67448c4c848ef3dae9eaa0e56c,C1 - lumpsum - 24M,0.105389,37282373.65,655858.15,92410.87
MFU0800632740ab44deaccf232a286248c1,C1 - sip - 24M,0.15278,7911963.11,307817.74,88467.31
MFU122ee06215ae47028524b57d8bccf34f,C1 - sip - 24M,0.154198,21071125.79,765018.87,159359.85
MFU3a945a415ed447a080596b0f9385e5b8,C1 - sip - 24M,0.162878,17112899.36,441967.54,193545.52
MFU3de1f779ad8942e2a69b43f7e8f55d23,C1 - sip - 24M,-0.006259,3152501.39,0,2013.63
MFU7c3ffe67448c4c848ef3dae9eaa0e56c,C1 - sip - 24M,0.141357,39619983.11,616304.82,353579.25
MFU0800632740ab44deaccf232a286248c1,C2 - lumpsum - 24M,0.133212,7411772.83,312554.77,23188.97
MFU122ee06215ae47028524b57d8bccf34f,C2 - lumpsum - 24M,0.132316,19718910.96,754036.92,26190.16
MFU3a945a415ed447a080596b0f9385e5b8,C2 - lumpsum - 24M,0.129675,15885523.78,431356,50209.51
MFU3de1f779ad8942e2a69b43f7e8f55d23,C2 - lumpsum - 24M,-0.105859,3048005.9,0,0
MFU7c3ffe67448c4c848ef3dae9eaa0e56c,C2 - lumpsum - 24M,0.102949,37128513.64,601608.36,91212.9
MFU0800632740ab44deaccf232a286248c1,C2 - sip - 24M,0.1479,7784304.11,293286.42,86774.35
MFU122ee06215ae47028524b57d8bccf34f,C2 - sip - 24M,0.149612,20780456.07,729764.51,165566.16
MFU3a945a415ed447a080596b0f9385e5b8,C2 - sip - 24M,0.159646,16990245.38,428022.66,191900.8
MFU3de1f779ad8942e2a69b43f7e8f55d23,C2 - sip - 24M,-0.002725,3156084.28,0,2105.95
MFU7c3ffe67448c4c848ef3dae9eaa0e56c,C2 - sip - 24M,0.138871,39454119.1,597636.41,351367.89
MFU0800632740ab44deaccf232a286248c1,VA1 - lumpsum - 24M,0.170068,8380504.67,490698.53,2444.59
MFU122ee06215ae47028524b57d8bccf34f,VA1 - lumpsum - 24M,0.166875,21895477.13,1135355.88,1432.61
MFU3a945a415ed447a080596b0f9385e5b8,VA1 - lumpsum - 24M,0.145495,16461316.7,607042.94,6580.67
MFU3de1f779ad8942e2a69b43f7e8f55d23,VA1 - lumpsum - 24M,-0.164021,2983540.64,0,0
MFU7c3ffe67448c4c848ef3dae9eaa0e56c,VA1 - lumpsum - 24M,0.112151,37711854.88,852803.23,11830.8
MFU0800632740ab44deaccf232a286248c1,VA1 - sip - 24M,0.177983,8603686.59,479754.96,4070.69
MFU122ee06215ae47028524b57d8bccf34f,VA1 - sip - 24M,0.17607,22512885.22,1113273.67,4461.09
MFU3a945a415ed447a080596b0f9385e5b8,VA1 - sip - 24M,0.161168,17047907.71,592850.4,12331.86
MFU3de1f779ad8942e2a69b43f7e8f55d23,VA1 - sip - 24M,-0.113909,3039244.73,0,0
MFU7c3ffe67448c4c848ef3dae9eaa0e56c,VA1 - sip - 24M,0.130891,38926155.91,900027.8,22058.44
MFU0800632740ab44deaccf232a286248c1,VA2 - lumpsum - 24M,0.176751,8568563.41,491419.16,3314.73
MFU122ee06215ae47028524b57d8bccf34f,VA2 - lumpsum - 24M,0.175462,22471528.56,1140971.6,2593.35
MFU3a945a415ed447a080596b0f9385e5b8,VA2 - lumpsum - 24M,0.161892,17075393.14,637482.98,9840.33
MFU3de1f779ad8942e2a69b43f7e8f55d23,VA2 - lumpsum - 24M,-0.149126,3000313.79,0,0
MFU7c3ffe67448c4c848ef3dae9eaa0e56c,VA2 - lumpsum - 24M,0.128603,38775920.18,944470.63,18052.21
MFU0800632740ab44deaccf232a286248c1,VA2 - sip - 24M,0.184521,8792246.94,480241.17,25871.72
MFU122ee06215ae47028524b57d8bccf34f,VA2 - sip - 24M,0.1845,23093655.42,1117826.54,54768.79
MFU3a945a415ed447a080596b0f9385e5b8,VA2 - sip - 24M,0.177469,17675461.88,636248.74,56287.19
MFU3de1f779ad8942e2a69b43f7e8f55d23,VA2 - sip - 24M,-0.099187,3055228.82,0,0
MFU7c3ffe67448c4c848ef3dae9eaa0e56c,VA2 - sip - 24M,0.14713,40007553.18,890551.08,100672.39
MFU0800632740ab44deaccf232a286248c1,VC1 - lumpsum - 24M,0.127747,7277591.07,285865.54,32456.02
MFU122ee06215ae47028524b57d8bccf34f,VC1 - lumpsum - 24M,0.126772,19390014.42,697880.84,41223.16
MFU3a945a415ed447a080596b0f9385e5b8,VC1 - lumpsum - 24M,0.125177,15724748.03,383461.45,70320.24
MFU3de1f779ad8942e2a69b43f7e8f55d23,VC1 - lumpsum - 24M,-0.082835,3072791.14,0,0
MFU7c3ffe67448c4c848ef3dae9eaa0e56c,VC1 - lumpsum - 24M,0.10185,37059430.2,585373.01,127695.99
MFU0800632740ab44deaccf232a286248c1,VC1 - sip - 24M,0.142301,7640234.6,267199.98,94551.73
MFU122ee06215ae47028524b57d8bccf34f,VC1 - sip - 24M,0.143928,20425553.52,675896.91,162599.13
MFU3a945a415ed447a080596b0f9385e5b8,VC1 - sip - 24M,0.154872,16810316.68,385746.82,209938.54
MFU3de1f779ad8942e2a69b43f7e8f55d23,VC1 - sip - 24M,0.021388,3180322.76,0,3970.48
MFU7c3ffe67448c4c848ef3dae9eaa0e56c,VC1 - sip - 24M,0.137537,39365369.75,551303.58,390455.44
MFU0800632740ab44deaccf232a286248c1,pf,0.114967,6972872.14,1768.87,285667.65
MFU122ee06215ae47028524b57d8bccf34f,pf,0.138814,20111317.38,557710.13,320152.63
MFU3a945a415ed447a080596b0f9385e5b8,pf,0.12043,15556516.84,34446.89,444062.73
MFU3de1f779ad8942e2a69b43f7e8f55d23,pf,-0.072833,3083435.71,0,4682.2
MFU7c3ffe67448c4c848ef3dae9eaa0e56c,pf,0.079687,35691130.96,3724.93,630325.19
MFUbcb2304143e94a7f82d238ea5d11bce9,A1 - lumpsum - 24M,0.170387,5143946.3,365361.64,476.97
MFUbcb2304143e94a7f82d238ea5d11bce9,A1 - sip - 24M,0.174243,5226287.53,357804.62,750.34
MFUbcb2304143e94a7f82d238ea5d11bce9,A2 - lumpsum - 24M,0.175802,5259898.11,364731.72,759.29
MFUbcb2304143e94a7f82d238ea5d11bce9,A2 - sip - 24M,0.17954,5341205.65,357373.67,4485.59
MFUbcb2304143e94a7f82d238ea5d11bce9,B1 - lumpsum - 24M,0.162147,4971667.78,338842.69,433.6
MFUbcb2304143e94a7f82d238ea5d11bce9,B1 - sip - 24M,0.165919,5049919.75,331536.21,703.61
MFUbcb2304143e94a7f82d238ea5d11bce9,B2 - lumpsum - 24M,0.167489,5082790.43,338393.74,708.01
MFUbcb2304143e94a7f82d238ea5d11bce9,B2 - sip - 24M,0.171141,5159969.81,331087.05,8480.27
MFUbcb2304143e94a7f82d238ea5d11bce9,C1 - lumpsum - 24M,0.143305,4595880.68,268557.54,1631.76
MFUbcb2304143e94a7f82d238ea5d11bce9,C1 - sip - 24M,0.150048,4727511.73,255018.15,31561.9
MFUbcb2304143e94a7f82d238ea5d11bce9,C2 - lumpsum - 24M,0.138437,4502792.23,256169.65,2168.5
MFUbcb2304143e94a7f82d238ea5d11bce9,C2 - sip - 24M,0.145071,4630047.46,243044.71,31317.27
MFUbcb2304143e94a7f82d238ea5d11bce9,VA1 - lumpsum - 24M,0.179566,5341759.83,397824.16,484.97
MFUbcb2304143e94a7f82d238ea5d11bce9,VA1 - sip - 24M,0.183532,5429183.74,390171.84,750.34
MFUbcb2304143e94a7f82d238ea5d11bce9,VA2 - lumpsum - 24M,0.185022,5462354.7,397320.13,761.02
MFUbcb2304143e94a7f82d238ea5d11bce9,VA2 - sip - 24M,0.18887,5548758.24,389479.16,1087.62
MFUbcb2304143e94a7f82d238ea5d11bce9,VC1 - lumpsum - 24M,0.131867,4379693.07,234501.01,8167.56
MFUbcb2304143e94a7f82d238ea5d11bce9,VC1 - sip - 24M,0.138296,4500125.86,221542.03,36220.61
MFUbcb2304143e94a7f82d238ea5d11bce9,pf,0.18305,5418498.39,89109.11,288448.49
MFU54f3b50705154de99af2bd733f79d909,A1 - lumpsum - 24M,0.097114,29908292.48,680016.99,1002.67
MFUf5625b488dff44ca91d0d9650e2c1891,A1 - lumpsum - 24M,0.017633,5134520.11,65560.44,0
MFUf67db7ad85da45e0b254459f1ab25d03,A1 - lumpsum - 24M,0.063542,3635843.34,54037.83,1365.38
MFU54f3b50705154de99af2bd733f79d909,A1 - sip - 24M,0.109142,30379732.61,673524.17,1322.81
MFUf5625b488dff44ca91d0d9650e2c1891,A1 - sip - 24M,0.036694,5237447.42,67048.6,0
MFUf67db7ad85da45e0b254459f1ab25d03,A1 - sip - 24M,0.079657,3709399.93,53388.03,1800.57
MFU54f3b50705154de99af2bd733f79d909,A2 - lumpsum - 24M,0.110375,30428839.17,695554.57,1338.89
MFUf5625b488dff44ca91d0d9650e2c1891,A2 - lumpsum - 24M,0.036559,5236709.48,68602.18,0
MFUf67db7ad85da45e0b254459f1ab25d03,A2 - lumpsum - 24M,0.083595,3727652.78,56015.61,1701.02
MFU54f3b50705154de99af2bd733f79d909,A2 - sip - 24M,0.122012,30899795.26,688896.41,10161.67
MFUf5625b488dff44ca91d0d9650e2c1891,A2 - sip - 24M,0.055053,5339741.1,70289.7,0
MFUf67db7ad85da45e0b254459f1ab25d03,A2 - sip - 24M,0.099401,3802045.69,56388.12,3520.59
MFU54f3b50705154de99af2bd733f79d909,B1 - lumpsum - 24M,0.090316,29647888.58,639759.84,953.78
MFUf5625b488dff44ca91d0d9650e2c1891,B1 - lumpsum - 24M,0.014623,5118563.11,62105.49,0
MFUf67db7ad85da45e0b254459f1ab25d03,B1 - lumpsum - 24M,0.059716,3618644.71,49766.43,1070.11
MFU54f3b50705154de99af2bd733f79d909,B1 - sip - 24M,0.102373,30112690.23,633275.05,1272.74
MFUf5625b488dff44ca91d0d9650e2c1891,B1 - sip - 24M,0.033672,5220912.56,63586.14,0
MFUf67db7ad85da45e0b254459f1ab25d03,B1 - sip - 24M,0.075845,3691832.74,49760.36,1679.73
MFU54f3b50705154de99af2bd733f79d909,B2 - lumpsum - 24M,0.103615,30161389.41,655563.72,1288.24
MFUf5625b488dff44ca91d0d9650e2c1891,B2 - lumpsum - 24M,0.033592,5220475.58,65079.18,0
MFUf67db7ad85da45e0b254459f1ab25d03,B2 - lumpsum - 24M,0.07987,3710383.83,52754.81,1806.6
MFU54f3b50705154de99af2bd733f79d909,B2 - sip - 24M,0.115277,30625627.39,648900.66,19758.35
MFUf5625b488dff44ca91d0d9650e2c1891,B2 - sip - 24M,0.052075,5322933.45,66655.76,0
MFUf67db7ad85da45e0b254459f1ab25d03,B2 - sip - 24M,0.095692,3784422.68,53696.34,4719.61
MFU54f3b50705154de99af2bd733f79d909,C1 - lumpsum - 24M,0.082869,29367640.78,519521.97,4838.93
MFUf5625b488dff44ca91d0d9650e2c1891,C1 - lumpsum - 24M,0.023243,5164480.55,53368.37,0
MFUf67db7ad85da45e0b254459f1ab25d03,C1 - lumpsum - 24M,0.062435,3630858.41,40853.45,1894.68
MFU54f3b50705154de99af2bd733f79d909,C1 - sip - 24M,0.105591,30239090.86,506842.92,76230.41
MFUf5625b488dff44ca91d0d9650e2c1891,C1 - sip - 24M,0.059355,5364176.41,56375.67,913.82
MFUf67db7ad85da45e0b254459f1ab25d03,C1 - sip - 24M,0.093619,3774618.58,43437.99,13314.13
MFU54f3b50705154de99af2bd733f79d909,C2 - lumpsum - 24M,0.080288,29271698.34,498062.93,6099.04
MFUf5625b488dff44ca91d0d9650e2c1891,C2 - lumpsum - 24M,0.022957,5162946.6,50990.36,0
MFUf67db7ad85da45e0b254459f1ab25d03,C2 - lumpsum - 24M,0.061683,3627475.5,39617.84,2138.85
MFU54f3b50705154de99af2bd733f79d909,C2 - sip - 24M,0.102825,30130389.14,485241.85,76239.93
MFUf5625b488dff44ca91d0d9650e2c1891,C2 - sip - 24M,0.058907,5361623.76,53959.58,1779.85
MFUf67db7ad85da45e0b254459f1ab25d03,C2 - sip - 24M,0.092791,3770712.94,41832.48,13548.34
MFU54f3b50705154de99af2bd733f79d909,VA1 - lumpsum - 24M,0.102275,30108886.51,729454.6,1040.52
MFUf5625b488dff44ca91d0d9650e2c1891,VA1 - lumpsum - 24M,0.017138,5131894.08,69323.53,0
MFUf67db7ad85da45e0b254459f1ab25d03,VA1 - lumpsum - 24M,0.065849,3646260.62,58099.08,1412.4
MFU54f3b50705154de99af2bd733f79d909,VA1 - sip - 24M,0.114388,30589760.99,722903.95,1362.5
MFUf5625b488dff44ca91d0d9650e2c1891,VA1 - sip - 24M,0.036331,5235459.36,70982.58,0
MFUf67db7ad85da45e0b254459f1ab25d03,VA1 - sip - 24M,0.082017,3720323.41,57567.88,1791.97
MFU54f3b50705154de99af2bd733f79d909,VA2 - lumpsum - 24M,0.115556,30636886.76,745034.37,1379.09
MFUf5625b488dff44ca91d0d9650e2c1891,VA2 - lumpsum - 24M,0.036068,5234018.3,72420.75,0
MFUf67db7ad85da45e0b254459f1ab25d03,VA2 - lumpsum - 24M,0.085798,3737910.63,60904.83,1651.03
MFU54f3b50705154de99af2bd733f79d909,VA2 - sip - 24M,0.127276,31117301.33,738320.19,1701.47
MFUf5625b488dff44ca91d0d9650e2c1891,VA2 - sip - 24M,0.054686,5337668.83,73981.65,0
MFUf67db7ad85da45e0b254459f1ab25d03,VA2 - sip - 24M,0.101652,3812785.55,60261.05,2509.5
MFU54f3b50705154de99af2bd733f79d909,VC1 - lumpsum - 24M,0.080365,29274524.45,460126.39,20722.02
MFUf5625b488dff44ca91d0d9650e2c1891,VC1 - lumpsum - 24M,0.030094,5201437.02,49588.44,0
MFUf67db7ad85da45e0b254459f1ab25d03,VC1 - lumpsum - 24M,0.063692,3636520.11,37194.5,4216.14
MFU54f3b50705154de99af2bd733f79d909,VC1 - sip - 24M,0.10243,30114918.09,447705.93,89298.77
MFUf5625b488dff44ca91d0d9650e2c1891,VC1 - sip - 24M,0.065527,5399549.67,52661.97,3659.32
MFUf67db7ad85da45e0b254459f1ab25d03,VC1 - sip - 24M,0.094538,3778960.93,39469.89,15918.88
MFU54f3b50705154de99af2bd733f79d909,pf,0.196757,34262852.52,137024.42,830117.88
MFUf5625b488dff44ca91d0d9650e2c1891,pf,0.036009,5233691.45,2860.6,49561.08
MFUf67db7ad85da45e0b254459f1ab25d03,pf,0.064006,3637934.55,8598.47,46265.77
MFU46fd51323e4d44538bbcccfd5a5a2689,A1 - lumpsum - 24M,-0.000978,693536.27,6820.04,292.82
MFU491c6168ccb6473a96f620e7214a4956,A1 - lumpsum - 24M,-0.092855,463379.07,0,216.51
MFU7c2c6e6cbadd49fda0cb0112fa9c6a21,A1 - lumpsum - 24M,-0.069063,11802983.04,120471.5,352.67
MFU7f2b0a924dde4979936c8a26db30ca3c,A1 - lumpsum - 24M,0.071779,13364785.67,309967.77,421.48
MFUc996316c903f451aaf46aa4bd7b74d4c,A1 - lumpsum - 24M,0.145465,1872505.5,98613.29,0
MFUd63f9f8f04964b468dd27771f31bb5a6,A1 - lumpsum - 24M,0.116663,70640996.76,2464020.37,28265.6
MFU46fd51323e4d44538bbcccfd5a5a2689,A1 - sip - 24M,0.021574,710825.92,6679.53,599.84
MFU491c6168ccb6473a96f620e7214a4956,A1 - sip - 24M,-0.064419,474585.54,0,429.71
MFU7c2c6e6cbadd49fda0cb0112fa9c6a21,A1 - sip - 24M,-0.051555,11905193.02,118380.83,817.1
MFU7f2b0a924dde4979936c8a26db30ca3c,A1 - sip - 24M,0.085948,13624181.98,305577.69,2795.61
MFUc996316c903f451aaf46aa4bd7b74d4c,A1 - sip - 24M,0.150161,1897836.76,95839.32,0
MFUd63f9f8f04964b468dd27771f31bb5a6,A1 - sip - 24M,0.127215,72283319.04,2420591.55,64034.26
MFU46fd51323e4d44538bbcccfd5a5a2689,A2 - lumpsum - 24M,0.020488,709982.45,6931.22,541.1
MFU491c6168ccb6473a96f620e7214a4956,A2 - lumpsum - 24M,-0.065808,474037.9,0,388.31
MFU7c2c6e6cbadd49fda0cb0112fa9c6a21,A2 - lumpsum - 24M,-0.03646,11996347.36,121535.47,795.72
MFU7f2b0a924dde4979936c8a26db30ca3c,A2 - lumpsum - 24M,0.086855,13641086.02,313997.37,3311.47
MFUc996316c903f451aaf46aa4bd7b74d4c,A2 - lumpsum - 24M,0.151905,1907357.39,97810.31,0
MFUd63f9f8f04964b468dd27771f31bb5a6,A2 - lumpsum - 24M,0.129182,72594604.34,2491493.6,70638.11
MFU46fd51323e4d44538bbcccfd5a5a2689,A2 - sip - 24M,0.042529,727318.71,6792.82,1089.91
MFU491c6168ccb6473a96f620e7214a4956,A2 - sip - 24M,-0.037273,485283.83,0,806.18
MFU7c2c6e6cbadd49fda0cb0112fa9c6a21,A2 - sip - 24M,-0.020503,12095936.54,119451.21,1555.94
MFU7f2b0a924dde4979936c8a26db30ca3c,A2 - sip - 24M,0.100499,13899943.25,312573.75,6969.78
MFUc996316c903f451aaf46aa4bd7b74d4c,A2 - sip - 24M,0.156384,1932080.88,95046.42,0
MFUd63f9f8f04964b468dd27771f31bb5a6,A2 - sip - 24M,0.139493,74252280.9,2455917.89,112554.29
MFU46fd51323e4d44538bbcccfd5a5a2689,B1 - lumpsum - 24M,-0.003961,691283.66,6321.8,269.55
MFU491c6168ccb6473a96f620e7214a4956,B1 - lumpsum - 24M,-0.092136,463662.16,0,201.98
MFU7c2c6e6cbadd49fda0cb0112fa9c6a21,B1 - lumpsum - 24M,-0.080006,11740918.57,111978.31,322.77
MFU7f2b0a924dde4979936c8a26db30ca3c,B1 - lumpsum - 24M,0.064525,13235363.83,288168.56,389.84
MFUc996316c903f451aaf46aa4bd7b74d4c,B1 - lumpsum - 24M,0.13631,1824339.86,90913.41,0
MFUd63f9f8f04964b468dd27771f31bb5a6,B1 - lumpsum - 24M,0.1103,69672403.03,2300256.97,25047.66
MFU46fd51323e4d44538bbcccfd5a5a2689,B1 - sip - 24M,0.0186,708519.46,6184.07,572.14
MFU491c6168ccb6473a96f620e7214a4956,B1 - sip - 24M,-0.063663,474883.44,0,409.97
MFU7c2c6e6cbadd49fda0cb0112fa9c6a21,B1 - sip - 24M,-0.062294,11842066.46,109952.01,777.44
MFU7f2b0a924dde4979936c8a26db30ca3c,B1 - sip - 24M,0.078749,13491290.04,285092.86,2564.55
MFUc996316c903f451aaf46aa4bd7b74d4c,B1 - sip - 24M,0.140933,1848461.38,88206.3,0
MFUd63f9f8f04964b468dd27771f31bb5a6,B1 - sip - 24M,0.12086,71288824.87,2248128.34,59602.4
MFU46fd51323e4d44538bbcccfd5a5a2689,B2 - lumpsum - 24M,0.017516,707680.67,6421.77,501.01
MFU491c6168ccb6473a96f620e7214a4956,B2 - lumpsum - 24M,-0.065003,474355.15,0,359.66
MFU7c2c6e6cbadd49fda0cb0112fa9c6a21,B2 - lumpsum - 24M,-0.046916,11932902.65,113052.27,748.71
MFU7f2b0a924dde4979936c8a26db30ca3c,B2 - lumpsum - 24M,0.079688,13508483.65,292221.8,3063.05
MFUc996316c903f451aaf46aa4bd7b74d4c,B2 - lumpsum - 24M,0.142708,1857830.81,90117.78,0
MFUd63f9f8f04964b468dd27771f31bb5a6,B2 - lumpsum - 24M,0.122879,71603033.33,2322090.49,67014.23
MFU46fd51323e4d44538bbcccfd5a5a2689,B2 - sip - 24M,0.03957,724963.69,6286.01,1041.3
MFU491c6168ccb6473a96f620e7214a4956,B2 - sip - 24M,-0.036426,485617.37,0,773.33
MFU7c2c6e6cbadd49fda0cb0112fa9c6a21,B2 - sip - 24M,-0.030776,12031435.64,111011.27,1509.22
MFU7f2b0a924dde4979936c8a26db30ca3c,B2 - sip - 24M,0.093383,13763873.8,290289.29,6612.01
MFUc996316c903f451aaf46aa4bd7b74d4c,B2 - sip - 24M,0.147111,1881335.78,87420.14,0
MFUd63f9f8f04964b468dd27771f31bb5a6,B2 - sip - 24M,0.133198,73234838.12,2278131.98,109844.51
MFU46fd51323e4d44538bbcccfd5a5a2689,C1 - lumpsum - 24M,0.007626,700078.76,4973.49,351.18
MFU491c6168ccb6473a96f620e7214a4956,C1 - lumpsum - 24M,-0.065371,474210.42,0,248.9
MFU7c2c6e6cbadd49fda0cb0112fa9c6a21,C1 - lumpsum - 24M,-0.077688,11753955.78,88937,477.01
MFU7f2b0a924dde4979936c8a26db30ca3c,C1 - lumpsum - 24M,0.059667,13149916.46,232548.32,951.8
MFUc996316c903f451aaf46aa4bd7b74d4c,C1 - lumpsum - 24M,0.117938,1732422.12,70664.13,0
MFUd63f9f8f04964b468dd27771f31bb5a6,C1 - lumpsum - 24M,0.101741,68394834.06,1837399.65,35031.51
MFU46fd51323e4d44538bbcccfd5a5a2689,C1 - sip - 24M,0.050916,734040.16,4719.23,2362.27
MFU491c6168ccb6473a96f620e7214a4956,C1 - sip - 24M,-0.008636,496570.78,0,1261.89
MFU7c2c6e6cbadd49fda0cb0112fa9c6a21,C1 - sip - 24M,-0.045463,11941637.17,85207.99,10357.22
MFU7f2b0a924dde4979936c8a26db30ca3c,C1 - sip - 24M,0.086495,13634378.79,240095.85,21145.14
MFUc996316c903f451aaf46aa4bd7b74d4c,C1 - sip - 24M,0.126128,1772630.7,65668.55,4985.1
MFUd63f9f8f04964b468dd27771f31bb5a6,C1 - sip - 24M,0.122044,71472770.6,1763568.92,279711.67
MFU46fd51323e4d44538bbcccfd5a5a2689,C2 - lumpsum - 24M,0.008373,700649.29,4746.86,385.5
MFU491c6168ccb6473a96f620e7214a4956,C2 - lumpsum - 24M,-0.060937,475957.67,0,273.73
MFU7c2c6e6cbadd49fda0cb0112fa9c6a21,C2 - lumpsum - 24M,-0.07502,11769027.73,84937.89,529.35
MFU7f2b0a924dde4979936c8a26db30ca3c,C2 - lumpsum - 24M,0.05779,13117178.6,221570.94,1182.13
MFUc996316c903f451aaf46aa4bd7b74d4c,C2 - lumpsum - 24M,0.113498,1711132.22,67289.46,0
MFUd63f9f8f04964b468dd27771f31bb5a6,C2 - lumpsum - 24M,0.098747,67954774.95,1754467.91,37748.35
MFU46fd51323e4d44538bbcccfd5a5a2689,C2 - sip - 24M,0.051499,734510.23,4495.33,2479.95
MFU491c6168ccb6473a96f620e7214a4956,C2 - sip - 24M,-0.0042,498319.3,0,1362.79
MFU7c2c6e6cbadd49fda0cb0112fa9c6a21,C2 - sip - 24M,-0.043554,11953153.11,81253.76,10803.4
MFU7f2b0a924dde4979936c8a26db30ca3c,C2 - sip - 24M,0.0845,13597262.23,232379.6,21003.14
MFUc996316c903f451aaf46aa4bd7b74d4c,C2 - sip - 24M,0.121543,1749973.83,62368.33,5158.36
MFUd63f9f8f04964b468dd27771f31bb5a6,C2 - sip - 24M,0.119018,71003694.58,1689757.73,290223.15
MFU46fd51323e4d44538bbcccfd5a5a2689,VA1 - lumpsum - 24M,-0.001582,693079.86,7411.59,299.65
MFU491c6168ccb6473a96f620e7214a4956,VA1 - lumpsum - 24M,-0.099439,460784.15,0,223.45
MFU7c2c6e6cbadd49fda0cb0112fa9c6a21,VA1 - lumpsum - 24M,-0.067209,11813632.88,130662.02,354.63
MFU7f2b0a924dde4979936c8a26db30ca3c,VA1 - lumpsum - 24M,0.077005,13459424.71,336989.6,426.62
MFUc996316c903f451aaf46aa4bd7b74d4c,VA1 - lumpsum - 24M,0.154595,1922155.76,107889.57,0
MFUd63f9f8f04964b468dd27771f31bb5a6,VA1 - lumpsum - 24M,0.122888,71604321.29,2686818.06,29058.19
MFU46fd51323e4d44538bbcccfd5a5a2689,VA1 - sip - 24M,0.02109,710449.95,7267.58,581.49
MFU491c6168ccb6473a96f620e7214a4956,VA1 - sip - 24M,-0.071022,471983.3,0,414.8
MFU7c2c6e6cbadd49fda0cb0112fa9c6a21,VA1 - sip - 24M,-0.049333,11918431.03,128487.37,803.67
MFU7f2b0a924dde4979936c8a26db30ca3c,VA1 - sip - 24M,0.091256,13723644.2,331399.99,2839.58
MFUc996316c903f451aaf46aa4bd7b74d4c,VA1 - sip - 24M,0.159423,1949083.1,105033.62,0
MFUd63f9f8f04964b468dd27771f31bb5a6,VA1 - sip - 24M,0.133477,73279655.48,2630078.05,63621.13
MFU46fd51323e4d44538bbcccfd5a5a2689,VA2 - lumpsum - 24M,0.019919,709541.5,7523.04,540.51
MFU491c6168ccb6473a96f620e7214a4956,VA2 - lumpsum - 24M,-0.072538,471385.87,0,388.3
MFU7c2c6e6cbadd49fda0cb0112fa9c6a21,VA2 - lumpsum - 24M,-0.034525,12008247.47,131671.44,790.04
MFU7f2b0a924dde4979936c8a26db30ca3c,VA2 - lumpsum - 24M,0.092047,13738589.4,340694.45,3170.71
MFUc996316c903f451aaf46aa4bd7b74d4c,VA2 - lumpsum - 24M,0.16106,1958315.75,107039.99,0
MFUd63f9f8f04964b468dd27771f31bb5a6,VA2 - lumpsum - 24M,0.135321,73576170.57,2711299.69,72146.16
MFU46fd51323e4d44538bbcccfd5a5a2689,VA2 - sip - 24M,0.042074,726956.13,7381.15,1070.83
MFU491c6168ccb6473a96f620e7214a4956,VA2 - sip - 24M,-0.044026,482622.16,0,785.96
MFU7c2c6e6cbadd49fda0cb0112fa9c6a21,VA2 - sip - 24M,-0.018233,12110387.67,129527.89,1503.73
MFU7f2b0a924dde4979936c8a26db30ca3c,VA2 - sip - 24M,0.105769,14002230.94,337736.31,6809.11
MFUc996316c903f451aaf46aa4bd7b74d4c,VA2 - sip - 24M,0.165672,1984634.58,104194.93,0
MFUd63f9f8f04964b468dd27771f31bb5a6,VA2 - sip - 24M,0.145666,75266579.73,2654399.5,112858.43
MFU46fd51323e4d44538bbcccfd5a5a2689,VC1 - lumpsum - 24M,0.014506,705357.38,4362.06,476.71
MFU491c6168ccb6473a96f620e7214a4956,VC1 - lumpsum - 24M,-0.048521,480850.68,0,344.88
MFU7c2c6e6cbadd49fda0cb0112fa9c6a21,VC1 - lumpsum - 24M,-0.065276,11824778.42,78276.89,679.37
MFU7f2b0a924dde4979936c8a26db30ca3c,VC1 - lumpsum - 24M,0.057824,13117763.33,205634.12,1909.42
MFUc996316c903f451aaf46aa4bd7b74d4c,VC1 - lumpsum - 24M,0.10816,1685993.81,61375.93,0
MFUd63f9f8f04964b468dd27771f31bb5a6,VC1 - lumpsum - 24M,0.0957,67510295.57,1614061.32,44376.53
MFU46fd51323e4d44538bbcccfd5a5a2689,VC1 - sip - 24M,0.057182,739109.01,4117.28,3085.71
MFU491c6168ccb6473a96f620e7214a4956,VC1 - sip - 24M,0.008199,503207.12,0,1698.99
MFU7c2c6e6cbadd49fda0cb0112fa9c6a21,VC1 - sip - 24M,-0.035308,12003428.65,74706.21,14310.85
MFU7f2b0a924dde4979936c8a26db30ca3c,VC1 - sip - 24M,0.084091,13589675.69,220175.89,26502.8
MFUc996316c903f451aaf46aa4bd7b74d4c,VC1 - sip - 24M,0.115919,1722696.53,56590.77,6964.1
MFUd63f9f8f04964b468dd27771f31bb5a6,VC1 - sip - 24M,0.115825,70512539.61,1549488.29,360355.69
MFU46fd51323e4d44538bbcccfd5a5a2689,pf,-0.07309,641108.93,0,2511.28
MFU491c6168ccb6473a96f620e7214a4956,pf,-0.145581,442594.52,0,266.86
MFU7c2c6e6cbadd49fda0cb0112fa9c6a21,pf,-0.088907,11691428.56,1742.31,74986.06
MFU7f2b0a924dde4979936c8a26db30ca3c,pf,0.064334,13231974.21,47049.5,170613.63
MFUc996316c903f451aaf46aa4bd7b74d4c,pf,0.154348,1920795,0,90305.29
MFUd63f9f8f04964b468dd27771f31bb5a6,pf,0.122075,71477628.79,160693.95,2191540.41
MFU773a64e92fd641db81d6c47a7e820283,A1 - lumpsum - 24M,-0.073425,12548444.18,90186.74,58.29
MFU773a64e92fd641db81d6c47a7e820283,A1 - sip - 24M,-0.047163,12674258.5,88441.3,363.99
MFU773a64e92fd641db81d6c47a7e820283,A2 - lumpsum - 24M,-0.051346,12653816.92,90561.97,421.21
MFU773a64e92fd641db81d6c47a7e820283,A2 - sip - 24M,-0.026709,12776546.3,88001.8,937.1
MFU773a64e92fd641db81d6c47a7e820283,B1 - lumpsum - 24M,-0.085236,12493721.39,82953.99,47.31
MFU773a64e92fd641db81d6c47a7e820283,B1 - sip - 24M,-0.058579,12618836.17,83169.49,303.29
MFU773a64e92fd641db81d6c47a7e820283,B2 - lumpsum - 24M,-0.062951,12597915.29,84434.58,371.94
MFU773a64e92fd641db81d6c47a7e820283,B2 - sip - 24M,-0.037937,12719905.16,82335.16,841.67
MFU773a64e92fd641db81d6c47a7e820283,C1 - lumpsum - 24M,-0.084423,12497452.81,67721.17,132.89
MFU773a64e92fd641db81d6c47a7e820283,C1 - sip - 24M,-0.035027,12734469.45,65492.47,3693.69
MFU773a64e92fd641db81d6c47a7e820283,C2 - lumpsum - 24M,-0.082002,12508595.34,63757.81,154
MFU773a64e92fd641db81d6c47a7e820283,C2 - sip - 24M,-0.033405,12742624.14,62287.31,3702.01
MFU773a64e92fd641db81d6c47a7e820283,VA1 - lumpsum - 24M,-0.071695,12556553.6,96883.66,59.31
MFU773a64e92fd641db81d6c47a7e820283,VA1 - sip - 24M,-0.045188,12683961.78,96683.38,367.07
MFU773a64e92fd641db81d6c47a7e820283,VA2 - lumpsum - 24M,-0.049418,12663220.2,97362.56,412.45
MFU773a64e92fd641db81d6c47a7e820283,VA2 - sip - 24M,-0.024554,12787556.39,95559.99,914.85
MFU773a64e92fd641db81d6c47a7e820283,VC1 - lumpsum - 24M,-0.067433,12576633.4,59587.87,214.56
MFU773a64e92fd641db81d6c47a7e820283,VC1 - sip - 24M,-0.020661,12807563.41,59212.56,4538.61
MFU773a64e92fd641db81d6c47a7e820283,pf,-0.090043,12471755.24,19564.04,14340.22
MFUc07b4b8fe26945d1a4eb998e296814ea,A1 - lumpsum - 24M,0.142548,5972701.85,327031.67,523.02
MFUc07b4b8fe26945d1a4eb998e296814ea,A1 - sip - 24M,0.149152,6101369.77,319828.41,1040.33
MFUc07b4b8fe26945d1a4eb998e296814ea,A2 - lumpsum - 24M,0.150956,6136972.21,328753.15,1090.48
MFUc07b4b8fe26945d1a4eb998e296814ea,A2 - sip - 24M,0.157405,6265974.18,321635.11,1757.14
MFUc07b4b8fe26945d1a4eb998e296814ea,B1 - lumpsum - 24M,0.134939,5827750.63,303138.11,478.59
MFUc07b4b8fe26945d1a4eb998e296814ea,B1 - sip - 24M,0.141513,5952772.89,296147.88,1042.51
MFUc07b4b8fe26945d1a4eb998e296814ea,B2 - lumpsum - 24M,0.143345,5988087.98,304918.65,1023.07
MFUc07b4b8fe26945d1a4eb998e296814ea,B2 - sip - 24M,0.149764,6113422.16,297931.16,1687.94
MFUc07b4b8fe26945d1a4eb998e296814ea,C1 - lumpsum - 24M,0.120121,5555349.43,238286.66,713.05
MFUc07b4b8fe26945d1a4eb998e296814ea,C1 - sip - 24M,0.132576,5783457.84,225185.8,30398.39
MFUc07b4b8fe26945d1a4eb998e296814ea,C2 - lumpsum - 24M,0.116069,5483087,227614.87,705.39
MFUc07b4b8fe26945d1a4eb998e296814ea,C2 - sip - 24M,0.12845,5706885.71,214640.75,31053.11
MFUc07b4b8fe26945d1a4eb998e296814ea,VA1 - lumpsum - 24M,0.150451,6126997.03,355745.28,580.5
MFUc07b4b8fe26945d1a4eb998e296814ea,VA1 - sip - 24M,0.157118,6260160.72,348370.02,1109.82
MFUc07b4b8fe26945d1a4eb998e296814ea,VA2 - lumpsum - 24M,0.158827,6294759.76,357350.06,1031.45
MFUc07b4b8fe26945d1a4eb998e296814ea,VA2 - sip - 24M,0.165338,6428245.83,350021.99,1756.8
MFUc07b4b8fe26945d1a4eb998e296814ea,VC1 - lumpsum - 24M,0.111505,5402807.51,208505.83,845.66
MFUc07b4b8fe26945d1a4eb998e296814ea,VC1 - sip - 24M,0.123759,5621047.31,195961.61,38339.21
MFUc07b4b8fe26945d1a4eb998e296814ea,pf,0.099741,5201248.3,0,188422.36
PF000015,A1 - lumpsum - 24M,0.049888,15967558.97,225549.03,3228.63
PF000015,A1 - sip - 24M,0.061641,16118241.15,220584.06,4941.12
PF000015,A2 - lumpsum - 24M,0.069743,16224838.46,226121.24,4828.73
PF000015,A2 - sip - 24M,0.080684,16372431.72,221141.36,7115.15
PF000015,B1 - lumpsum - 24M,0.039769,15841471.93,209021.41,3095.34
PF000015,B1 - sip - 24M,0.051667,15990073.07,204082.79,4755.38
PF000015,B2 - lumpsum - 24M,0.059928,16095990.85,209530.92,4639.96
PF000015,B2 - sip - 24M,0.070994,16241498.85,204559.69,10133.32
PF000015,C1 - lumpsum - 24M,0.029895,15721585.73,164294.12,3543.3
PF000015,C1 - sip - 24M,0.052305,15998165.1,155379.17,32721.28
PF000015,C2 - lumpsum - 24M,0.029015,15711050.91,156773.07,3670.74
PF000015,C2 - sip - 24M,0.051092,15982786.77,147903.13,33262.79
PF000015,VA1 - lumpsum - 24M,0.056747,16054937.18,245639.84,3333.35
PF000015,VA1 - sip - 24M,0.068575,16209327.57,240422.79,5036.19
PF000015,VA2 - lumpsum - 24M,0.07644,16314673.44,246217.91,4925.72
PF000015,VA2 - sip - 24M,0.087455,16465940.3,241072.2,6836.35
PF000015,VC1 - lumpsum - 24M,0.029571,15717703.37,143758.11,7197.1
PF000015,VC1 - sip - 24M,0.051111,15983029.94,135435.93,38429.18
PF000015,pf,0.033721,15767685.93,1758.95,181491.83
